"Dealer Name","Pin Code","City","Phone","Contact Person"
"A M Enterprises","560068","Bengaluru","","Mr. Samad"
"A M Traders","134116","Panchkula","","Mr. Sanjeev"
"A N N Agencies","673645","Malappuram","","Mr. Nazeer"
"A S N Enterprises","695541","Trivandrum","","Mr. Irshad"
"A To Z Marble House","182101","Srinagar","","Mr. Mahesh Sharma"
"AC Roofkraft","421003","Mumbai","0251-2730843","Mr. Ramesh Vadva"
"Aditya Enterprises","854304","Purnia","","Mr. Mithilesh Singh"
"Agarsain Bath And Lights","110027","West Delhi","","Mr. Kshitij"
"Agrawal Sanitation","482002","Jabalpur","","Mr. Abhishek Agarwal"
"Ajay Kumar & Brothers","226010","Lucknow","","Mr. Ankur Agrawal"